{"cameraMode":{"drawMode":0,"name":"Shaded","section":"Shading Mode"},"sceneLighting":true,"audioPlay":false,"sceneViewState":{"showFog":true,"showMaterialUpdate":false,"showSkybox":true,"showFlares":true,"showImageEffects":true,"showParticleSystems":true},"in2DMode":false,"pivot":{"x":1.266657829284668,"y":4.953095436096191,"z":-0.9630271196365356},"rotation":{"x":-0.29677584767341616,"y":-0.053825099021196368,"z":0.016756856814026834,"w":-0.9532818794250488},"size":1.426318883895874,"orthographic":false}